Call  Failure,Complains,Subscription  Length,Charge  Amount,Seconds of Use,Frequency of use,Frequency of SMS,Distinct Called Numbers,Age Group,Tariff Plan,Status,Age,Customer Value,Churn
10,0,38,0,4198,66,1,35,1,True,True,15,240,False
3,0,38,0,2393,58,2,33,1,True,True,15,145,False
4,0,38,0,2360,39,285,18,3,True,True,30,1235,False
25,0,38,3,15140,225,54,32,3,True,True,30,830,False
9,0,37,0,15485,182,150,30,2,True,True,25,1380,False
7,0,37,1,11465,154,11,47,4,True,True,45,317,False
25,0,31,3,16075,238,0,80,2,False,True,25,734,False
6,0,34,3,6965,116,271,33,2,False,True,25,1538,False
4,0,26,0,1568,39,30,68,4,True,True,45,115,False
0,0,26,0,825,10,21,3,4,True,False,45,73,True
16,0,17,1,6393,141,85,42,2,False,True,25,676,False
12,0,15,0,8933,171,73,40,4,True,True,45,410,False
8,0,16,3,2853,45,31,19,3,False,True,30,239,False
2,0,9,1,4390,40,215,10,3,True,True,30,1037,False
3,0,9,1,1488,19,0,7,3,True,True,30,60,True
13,0,40,1,4258,69,6,37,1,True,True,15,270,False
7,0,40,1,2420,42,290,20,3,True,True,30,1258,False
16,0,39,3,9175,124,149,45,3,True,True,30,967,False
28,0,40,4,15200,228,59,34,3,True,True,30,853,False
12,0,39,1,15545,185,155,32,2,True,True,25,1405,False
10,0,39,2,11525,157,16,49,4,False,True,45,332,False
4,0,38,1,1728,28,5,8,4,True,True,45,56,False
3,0,38,1,688,10,14,6,4,True,True,45,52,True
28,0,33,4,16135,241,5,82,2,True,True,25,759,False
7,0,28,1,1628,42,35,70,4,True,True,45,129,False
3,0,28,1,885,13,26,5,4,True,True,45,87,False
11,0,18,4,2913,48,36,21,3,True,True,30,262,False
5,0,11,2,4450,43,220,12,3,True,True,30,1059,False
7,0,36,0,4138,63,0,33,1,True,True,15,231,False
0,0,36,0,2333,55,0,31,1,True,True,15,131,False
1,0,36,0,2300,36,280,16,3,True,True,30,1213,False
22,0,36,2,15080,222,49,30,3,True,True,30,808,False
6,0,35,0,15425,179,145,28,2,True,True,25,1354,False
0,0,31,0,6725,94,9,20,4,True,True,45,192,False
0,0,34,0,568,4,4,2,4,True,False,45,24,True
22,0,29,2,16015,235,0,78,2,True,True,25,731,False
3,0,32,2,6905,113,266,31,2,False,True,25,1512,False
1,0,24,0,1508,36,25,66,4,True,True,45,101,False
0,0,16,0,1635,23,23,12,2,True,True,25,178,False
13,0,15,0,6333,138,80,40,1,False,True,15,795,False
9,0,13,0,8873,168,68,38,4,True,True,45,396,False
5,0,14,2,2793,42,26,17,3,True,True,30,217,False
0,0,7,0,4330,37,210,8,3,True,True,30,1014,False
0,0,7,0,1428,16,0,5,3,True,True,30,57,True
11,0,42,1,4278,68,11,39,1,True,True,15,299,False
5,0,42,1,2440,41,295,22,3,True,True,30,1279,False
14,0,41,3,9195,123,154,47,3,True,True,30,988,False
26,0,42,4,15220,227,64,36,3,False,True,30,873,False
10,0,41,1,15565,184,160,34,2,True,True,25,1428,False
8,0,41,2,11545,156,21,51,4,True,True,45,345,False
2,0,40,1,1748,27,10,10,4,True,True,45,69,False
26,0,35,4,16155,240,10,84,2,True,True,25,782,False
5,0,30,1,1648,41,40,72,4,True,True,45,142,False
1,0,30,0,905,12,31,7,4,True,False,45,100,False
9,0,20,4,2933,47,41,23,3,True,True,30,283,False
3,0,13,2,4470,42,225,14,3,True,True,30,1080,False
4,0,13,2,1568,21,10,11,3,True,True,30,103,True
9,0,34,0,4118,64,0,31,1,True,True,15,230,False
2,0,34,0,2313,56,0,29,1,True,True,15,130,False
3,0,34,0,2280,37,275,14,3,True,True,30,1192,False
24,0,34,2,15060,223,44,28,3,True,True,30,787,False
8,0,33,0,15405,180,140,26,2,True,True,25,1331,False
2,0,29,0,6705,95,4,18,4,True,True,45,180,False
0,0,32,0,0,0,0,0,4,True,False,45,0,True
24,0,27,2,15995,236,0,76,2,True,True,25,730,False
5,0,30,2,6885,114,261,29,2,False,True,25,1489,False
3,0,22,0,1488,37,20,64,4,True,True,45,88,False
0,0,22,0,0,0,11,0,4,True,False,45,27,False
1,0,14,0,1615,24,18,10,2,True,True,25,154,False
15,0,13,0,6313,139,75,38,1,False,True,15,767,False
11,0,11,0,8853,169,63,36,4,True,True,45,383,False
7,0,12,2,2773,43,21,15,3,True,True,30,196,False
15,0,44,1,4458,76,16,41,1,True,True,15,337,False
9,0,44,1,2620,49,300,24,3,True,True,30,1306,False
18,0,43,3,9375,131,159,49,3,True,True,30,1016,False
30,0,44,4,15400,235,69,38,3,True,True,30,901,False
14,0,43,1,15745,192,165,36,2,True,True,25,1459,False
12,0,43,2,11725,164,26,53,4,True,True,45,362,False
6,0,42,1,1928,35,15,12,4,True,True,45,86,False
5,0,42,0,888,17,24,10,4,True,False,45,82,True
5,0,32,0,1085,20,36,9,4,True,False,45,117,False
13,0,22,4,3113,55,46,25,3,True,True,30,310,False
7,0,15,2,4650,50,230,16,3,True,True,30,1108,False
5,0,32,0,3938,56,0,29,1,True,True,15,219,False
0,0,32,0,2133,48,0,27,1,True,True,15,119,False
0,0,32,0,2100,29,270,12,3,True,True,30,1165,False
20,0,32,2,14880,215,39,26,3,True,True,30,759,False
4,0,31,0,15225,172,135,24,2,True,True,25,1300,False
0,0,27,0,6525,87,0,16,4,True,True,45,165,False
20,0,25,2,15815,228,0,74,2,True,True,25,721,False
1,0,28,2,6705,106,256,27,2,False,True,25,1458,False
0,0,20,0,1308,29,15,62,4,True,True,45,70,False
0,0,20,0,0,0,6,0,4,True,False,45,15,False
0,0,12,0,1435,16,13,8,2,True,True,25,123,False
11,0,11,0,6133,131,70,36,1,False,True,15,729,False
7,0,9,0,8673,161,58,34,4,True,True,45,365,False
3,0,10,2,2593,35,16,13,3,True,True,30,169,False
12,0,41,0,4378,74,12,40,1,True,True,15,310,False
5,0,41,0,2573,66,13,38,1,True,True,15,216,False
6,0,41,0,2540,47,296,23,3,True,True,30,1287,False
27,0,41,3,15320,233,65,37,3,True,True,30,882,False
11,0,40,0,15665,190,161,35,2,True,True,25,1437,False
9,0,40,1,11645,162,22,52,4,True,True,45,350,False
2,0,39,0,808,15,20,9,4,True,False,45,70,True
8,0,37,3,7145,124,282,38,2,False,True,25,1596,False
6,0,29,0,1748,47,41,73,4,True,True,45,147,False
2,0,29,0,1005,18,32,8,4,True,False,45,105,False
14,0,18,0,9113,179,84,45,4,True,True,45,442,False
10,0,19,3,3033,53,42,24,3,True,True,30,291,False
4,0,12,1,4570,48,226,15,3,True,True,30,1088,False
5,0,12,1,1668,27,11,12,3,True,True,30,111,True
8,0,35,0,4018,58,0,30,1,True,True,15,224,False
1,0,35,0,2213,50,0,28,1,True,True,15,124,False
2,0,35,0,2180,31,274,13,3,True,True,30,1184,False
23,0,35,3,14960,217,43,27,3,True,True,30,779,False
7,0,34,0,15305,174,139,25,2,True,True,25,1322,False
5,0,34,1,11285,146,0,42,4,True,True,45,285,False
0,0,33,0,0,0,0,0,4,True,False,45,0,True
23,0,28,3,15895,230,0,75,2,True,True,25,725,False
4,0,31,3,6785,108,260,28,2,False,True,25,1480,False
2,0,23,0,1388,31,19,63,4,True,True,45,82,False
0,0,23,0,0,0,10,0,4,True,False,45,25,False
0,0,15,0,1515,18,17,9,2,True,True,25,145,False
14,0,14,1,6213,133,74,37,2,False,True,25,618,False
10,0,12,0,8753,163,62,35,4,True,True,45,377,False
6,0,13,3,2673,37,20,14,3,True,True,30,188,False
0,0,6,1,4210,32,204,5,3,True,True,30,985,False
1,0,6,1,1308,11,0,2,3,True,True,30,52,True
14,0,38,2,4798,76,22,50,1,True,True,15,389,False
15,0,38,3,4375,92,53,43,3,True,True,30,390,False
8,0,38,2,2960,49,306,33,3,True,True,30,1344,False
17,0,37,4,9715,131,165,58,3,False,True,30,1053,False
11,0,38,2,14373,179,21,59,3,True,True,30,666,False
11,0,38,3,5115,93,23,40,3,True,True,30,300,False
13,0,37,2,16085,192,171,45,2,True,True,25,1501,False
7,0,37,3,7100,96,207,41,3,True,True,30,1115,False
11,0,37,3,12065,164,32,62,4,True,True,45,385,False
12,0,37,3,7318,85,129,52,2,True,True,25,913,False
17,0,36,3,6418,108,47,39,2,True,True,25,505,False
5,0,36,2,2268,35,21,21,4,True,True,45,110,False
4,0,36,0,1228,17,30,19,4,True,False,45,106,True
8,0,27,3,1915,46,214,26,2,False,True,25,1051,False
8,0,26,2,2168,49,51,83,4,True,True,45,182,False
4,0,26,0,1425,20,42,18,4,True,False,45,141,False
20,0,17,3,6993,151,106,57,2,False,True,25,798,False
6,0,9,3,4990,50,236,25,3,True,True,30,1145,False
6,0,38,0,3598,56,0,20,1,True,True,15,200,False
0,0,38,0,1793,48,0,18,1,True,True,15,101,False
0,0,38,0,1760,29,264,3,3,True,True,30,1127,False
21,0,38,1,14540,215,33,17,3,True,True,30,722,False
5,0,37,0,14885,172,129,15,2,True,True,25,1258,False
0,0,33,0,6185,87,0,7,4,True,True,45,156,False
0,0,36,0,0,0,0,0,4,True,False,45,0,True
21,0,31,1,15475,228,0,65,2,True,True,25,706,False
2,0,34,1,6365,106,250,18,2,False,True,25,1416,False
0,0,26,0,968,29,9,53,4,True,True,45,47,False
0,0,26,0,0,0,0,0,4,True,False,45,0,False
12,0,17,0,5793,131,64,27,1,False,True,15,677,False
8,0,15,0,8333,161,52,25,4,True,True,45,342,False
4,0,16,1,2253,35,10,4,3,True,True,30,131,False
0,0,9,0,3790,30,194,23,3,True,True,30,928,False
10,0,39,1,4313,72,33,39,1,True,True,15,422,False
4,0,39,1,2475,45,317,22,4,True,True,45,855,False
13,0,38,3,9230,127,176,47,3,True,True,30,1078,False
25,0,39,4,15255,231,86,36,3,True,True,30,963,False
9,0,38,1,15600,188,182,34,2,True,True,25,1529,False
3,0,38,2,6615,92,218,30,3,True,True,30,1140,False
7,0,38,2,11580,160,43,51,4,True,True,45,401,False
9,0,37,0,2383,50,66,35,4,True,False,45,225,True
1,0,37,1,1783,31,32,10,4,True,True,45,125,False
0,0,37,0,743,13,41,8,4,True,False,45,121,True
25,0,32,4,16190,244,32,84,2,False,True,25,883,False
6,0,35,4,7080,122,303,37,3,False,True,30,1500,False
3,0,36,0,1780,50,70,24,4,True,False,45,220,False
4,0,28,2,1430,42,225,15,3,False,True,30,958,False
0,0,27,0,940,16,53,7,4,True,False,45,156,False
8,0,17,4,2968,51,63,23,3,False,True,30,372,False
2,0,10,2,4505,46,247,14,3,True,True,30,1170,False
3,0,10,2,1603,25,32,11,3,True,True,30,193,True
10,0,36,0,2338,54,327,20,2,True,True,25,1579,False
10,0,37,0,4083,60,0,31,1,True,True,15,227,False
3,0,37,0,2278,52,0,29,1,True,True,15,128,False
4,0,37,0,2245,33,253,14,3,True,True,30,1103,False
25,0,37,2,15025,219,22,28,3,True,True,30,697,False
9,0,36,0,15370,176,118,26,2,True,True,25,1230,False
3,0,32,0,6670,91,0,18,4,True,True,45,169,False
0,0,35,0,513,1,0,3,4,True,False,45,12,True
0,0,35,0,0,0,0,0,4,True,True,45,0,False
25,0,30,2,15960,232,0,76,2,True,True,25,728,False
6,0,33,2,6850,110,239,29,2,False,True,25,1388,False
4,0,25,0,1453,33,0,64,4,True,True,45,37,False
0,0,25,0,710,4,0,1,4,True,False,45,17,False
2,0,17,0,1580,20,0,10,2,True,True,25,72,False
16,0,16,0,6278,135,53,38,1,False,True,15,644,False
12,0,14,0,8818,165,41,36,4,True,True,45,327,False
8,0,15,2,2738,39,0,15,3,True,True,30,111,False
2,0,8,0,4275,34,183,6,3,True,True,30,904,False
12,0,38,0,4388,67,10,38,1,True,True,15,300,False
5,0,38,0,2583,59,11,36,1,True,True,15,205,False
6,0,38,0,2550,40,294,21,3,True,True,30,1279,False
27,0,38,3,15330,226,63,35,3,True,True,30,874,False
11,0,37,0,15675,183,159,33,2,True,True,25,1429,False
9,0,37,1,11655,155,20,50,4,True,True,45,345,False
2,0,36,0,818,8,18,7,4,True,False,45,65,True
27,0,31,3,16265,239,9,83,2,True,True,25,783,False
8,0,34,3,7155,117,280,36,2,False,True,25,1587,False
6,0,26,0,1758,40,39,71,4,True,True,45,142,False
2,0,26,0,1015,11,30,6,4,True,False,45,100,False
18,0,17,1,6582,142,94,45,2,False,True,25,725,False
14,0,15,0,9122,172,82,43,4,True,True,45,437,False
10,0,16,3,3042,46,40,22,3,True,True,30,283,False
4,0,9,1,4580,41,224,13,3,True,True,30,1080,False
5,0,9,1,1677,20,9,10,3,True,True,30,103,True
8,0,38,0,4008,65,0,32,1,True,True,15,224,False
1,0,38,0,2203,57,0,30,1,True,True,15,124,False
2,0,38,0,2170,38,276,15,3,True,True,30,1192,False
23,0,38,3,14950,224,45,29,3,True,True,30,786,False
7,0,37,0,15295,181,141,27,2,True,True,25,1330,False
5,0,37,1,11275,153,2,44,4,True,True,45,290,False
0,0,36,0,438,6,0,1,4,True,False,45,11,True
23,0,31,3,15885,237,0,77,2,True,True,25,725,False
4,0,34,3,6775,115,262,30,2,False,True,25,1489,False
2,0,26,0,1378,38,21,65,4,True,True,45,87,False
0,0,26,0,635,9,12,1,4,True,False,45,46,False
14,0,17,1,6202,140,76,39,2,False,True,25,627,False
10,0,15,0,8742,170,64,37,4,True,True,45,382,False
6,0,16,3,2662,44,22,16,3,True,True,30,196,False
0,0,9,1,4200,39,206,7,3,True,True,30,993,False
1,0,9,1,1297,18,0,4,3,True,True,30,52,True
8,0,33,0,4198,60,0,34,1,True,True,15,234,False
1,0,33,0,2393,52,0,32,1,True,True,15,134,False
2,0,33,0,2360,33,277,17,3,True,True,30,1203,False
23,0,33,2,15140,219,46,31,3,True,True,30,798,False
7,0,32,0,15485,176,142,29,2,True,True,25,1343,False
1,0,28,0,6785,91,6,21,4,True,True,45,186,False
0,0,31,0,628,1,1,3,4,True,False,45,18,True
0,0,31,0,338,5,0,1,4,True,True,45,8,False
23,0,26,2,16075,232,0,79,2,True,True,25,733,False
4,0,29,2,6965,110,263,32,2,False,True,25,1501,False
2,0,21,0,1568,33,22,67,4,True,True,45,95,False
0,0,21,0,825,4,13,2,4,True,False,45,53,False
0,0,13,0,1695,20,20,13,2,True,True,25,167,False
14,0,12,0,6392,135,77,41,1,False,True,15,782,False
10,0,10,0,8932,165,65,39,4,True,True,45,389,False
6,0,11,2,2852,39,23,18,3,True,True,30,207,False
12,0,43,1,4198,72,9,36,1,True,True,15,284,False
6,0,43,1,2360,45,293,19,4,True,True,45,792,False
15,0,42,3,9115,127,152,44,3,True,True,30,977,False
27,0,43,4,15140,231,62,33,3,True,True,30,862,False
11,0,42,1,15485,188,158,31,2,True,True,25,1416,False
9,0,42,2,11465,160,19,48,4,True,True,45,338,False
3,0,41,1,1668,31,8,7,4,True,True,45,62,False
2,0,41,0,628,13,17,5,4,True,False,45,58,True
27,0,36,4,16075,244,8,81,2,True,True,25,770,False
8,0,39,4,6965,122,279,34,3,False,True,30,1399,False
5,0,40,0,1665,50,46,21,4,True,False,45,157,False
2,0,31,0,825,16,29,4,4,True,False,45,93,False
10,0,21,4,2852,51,39,20,3,True,True,30,272,False
4,0,14,2,4390,46,223,11,3,True,True,30,1069,False
16,0,39,1,4908,77,9,35,1,True,True,15,323,False
10,0,39,1,3070,50,293,18,3,True,True,30,1296,False
19,0,38,3,9825,132,152,43,3,True,True,30,1006,False
13,0,39,1,14483,180,8,44,3,True,True,30,618,False
15,0,38,1,16195,193,158,30,2,True,True,25,1448,False
13,0,38,2,12175,165,19,47,4,True,True,45,356,False
7,0,37,1,2378,36,8,6,4,True,True,45,80,False
10,0,27,1,2278,50,38,68,4,True,True,45,153,False
6,0,27,0,1535,21,29,3,4,True,False,45,111,False
14,0,17,4,3562,56,39,19,3,False,True,30,300,False
8,0,10,2,5100,51,223,10,3,True,True,30,1098,False
9,0,10,2,2197,30,8,7,3,True,True,30,121,True
4,0,37,0,3488,55,0,35,1,True,True,15,194,False
0,0,37,0,1683,47,0,33,1,True,True,15,95,False
0,0,37,0,1650,28,260,18,3,True,True,30,1107,False
19,0,37,2,14430,214,29,32,3,True,True,30,701,False
3,0,36,0,14775,171,125,30,2,True,True,25,1235,False
0,0,32,0,6075,86,0,22,4,True,True,45,154,False
0,0,35,0,0,0,0,0,4,True,False,45,0,True
19,0,30,2,15365,227,0,80,2,True,True,25,701,False
0,0,33,2,6255,105,246,33,2,False,True,25,1393,False
0,0,25,0,858,28,5,68,4,True,True,45,34,False
0,0,25,0,0,0,0,0,4,True,False,45,0,False
0,0,17,0,985,15,3,14,2,True,True,25,58,False
10,0,16,0,5682,130,60,42,1,False,True,15,649,False
6,0,14,0,8222,160,48,40,4,True,True,45,329,False
2,0,15,2,2142,34,6,19,3,True,True,30,111,False
0,0,8,0,3680,29,190,10,3,True,True,30,908,False
0,0,8,0,777,8,0,7,3,True,True,30,31,True
10,0,38,0,4198,66,1,35,1,True,True,15,240,False
3,0,38,0,2393,58,2,33,1,True,True,15,145,False
4,0,38,0,2360,39,285,18,3,True,True,30,1235,False
25,0,38,3,15140,225,54,32,3,True,True,30,830,False
9,0,37,0,15485,182,150,30,2,True,True,25,1380,False
7,0,37,1,11465,154,11,47,4,True,True,45,317,False
0,0,36,0,628,7,9,4,4,True,False,45,38,True
25,0,31,3,16075,238,0,80,2,True,True,25,734,False
6,0,34,3,6965,116,271,33,2,False,True,25,1538,False
4,0,26,0,1568,39,30,68,4,True,True,45,115,False
0,0,26,0,825,10,21,3,4,True,False,45,73,False
16,0,17,1,6392,141,85,42,2,False,True,25,676,False
12,0,15,0,8932,171,73,40,4,True,True,45,410,False
8,0,16,3,2852,45,31,19,3,True,True,30,239,False
2,0,9,1,4390,40,215,10,3,True,True,30,1037,False
3,0,9,1,1487,19,0,7,3,True,True,30,60,True
10,0,38,0,4198,66,1,35,1,True,True,15,240,False
3,0,38,0,2393,58,2,33,1,True,True,15,145,False
4,0,38,0,2360,39,285,18,3,True,True,30,1235,False
25,0,38,3,15140,225,54,32,3,True,True,30,830,False
9,0,37,0,15485,182,150,30,2,True,True,25,1380,False
7,0,37,1,11465,154,11,47,4,True,True,45,317,False
0,0,36,0,628,7,9,4,4,True,False,45,38,True
6,0,34,3,6965,116,271,33,2,False,True,25,1538,False
4,0,26,0,1568,39,30,68,4,True,True,45,115,False
0,0,26,0,825,10,21,3,4,True,False,45,73,False
16,0,17,1,6392,141,85,42,2,False,True,25,676,False
12,0,15,0,8932,171,73,40,4,True,True,45,410,False
8,0,16,3,2852,45,31,19,3,True,True,30,239,False
2,0,9,1,4390,40,215,10,3,True,True,30,1037,False
5,0,36,0,3893,60,0,33,1,True,True,15,217,False
0,0,36,0,2088,52,0,31,1,True,True,15,117,False
0,0,36,0,2055,33,278,16,3,True,True,30,1195,False
20,0,36,2,14835,219,47,30,3,True,True,30,790,False
4,0,35,0,15180,176,143,28,2,True,True,25,1334,False
0,0,31,0,6480,91,7,20,4,True,True,45,181,False
0,0,34,0,323,1,2,2,4,True,False,45,13,True
20,0,29,2,15770,232,0,78,2,True,True,25,720,False
1,0,32,2,6660,110,264,31,2,False,True,25,1492,False
0,0,24,0,1263,33,23,66,4,True,True,45,89,False
0,0,24,0,520,4,14,1,4,True,False,45,48,False
0,0,16,0,1390,20,21,12,2,True,True,25,157,False
11,0,15,0,6088,135,78,40,1,False,True,15,771,False
7,0,13,0,8628,165,66,38,4,True,True,45,384,False
3,0,14,2,2548,39,24,17,3,True,True,30,199,False
0,0,7,0,4085,34,208,8,3,True,True,30,996,False
8,0,38,0,3953,63,0,35,1,True,True,15,220,False
1,0,38,0,2148,55,0,33,1,True,True,15,121,False
2,0,38,0,2115,36,283,18,3,True,True,30,1218,False
23,0,38,3,14895,222,52,32,3,True,True,30,812,False
7,0,37,0,15240,179,148,30,2,True,True,25,1359,False
1,0,33,1,6540,94,12,22,4,True,True,45,195,False
0,0,36,0,383,4,7,4,4,True,True,45,27,True
23,0,31,3,15830,235,0,80,2,True,True,25,722,False
4,0,34,3,6720,113,269,33,2,False,True,25,1517,False
2,0,26,0,1323,36,28,68,4,True,True,45,103,False
0,0,26,0,580,7,19,3,4,True,True,45,62,False
10,0,15,0,8688,168,71,40,4,True,True,45,398,False
6,0,16,3,2608,42,29,19,3,True,True,30,222,False
0,0,9,1,4145,37,213,10,3,True,True,30,1019,False
0,0,34,0,2028,49,0,29,1,True,True,15,114,False
0,0,34,0,1995,30,273,14,3,True,True,30,1173,False
17,0,34,1,14775,216,42,28,2,True,True,25,863,False
1,0,33,0,15120,173,138,26,2,True,True,25,1309,False
0,0,29,0,6420,88,2,18,4,True,True,45,167,False
0,0,32,0,0,0,0,0,4,True,True,45,0,False
17,0,27,1,15710,229,0,76,2,True,True,25,717,False
0,0,30,1,6600,107,259,29,2,False,True,25,1467,False
0,0,22,0,1203,30,18,64,4,True,True,45,75,False
0,0,22,0,0,0,9,0,4,True,False,45,22,False
0,0,14,0,1330,17,16,10,2,True,True,25,132,False
8,0,13,0,6028,132,73,38,1,False,True,15,740,False
4,0,11,0,8568,162,61,36,4,True,True,45,370,False
0,0,12,1,2488,36,19,15,3,True,True,30,176,False
0,0,40,0,2168,54,5,35,1,True,True,15,149,False
0,0,40,0,2135,35,288,20,3,True,True,30,1238,False
21,0,40,3,14915,221,57,34,3,True,True,30,833,False
5,0,39,0,15260,178,153,32,2,True,True,25,1383,False
0,0,35,1,6560,93,17,24,4,True,True,45,208,False
21,0,33,3,15850,234,3,82,2,True,True,25,737,False
2,0,36,3,6740,112,274,35,2,False,True,25,1541,False
0,0,28,0,1343,35,33,70,4,True,True,45,116,False
0,0,28,0,600,6,24,5,4,True,False,45,75,False
12,0,19,1,6168,137,88,44,1,False,True,15,830,False
8,0,17,0,8708,167,76,42,4,True,True,45,411,False
4,0,18,3,2628,41,34,21,3,True,True,30,242,False
0,0,11,1,4165,36,218,12,3,True,True,30,1040,False
4,0,32,0,3813,58,0,29,1,True,True,15,212,False
0,0,32,0,2008,50,0,27,1,True,True,15,113,False
0,0,32,0,1975,31,268,12,3,True,True,30,1152,False
19,0,32,1,14755,217,37,26,3,True,True,30,746,False
3,0,31,0,15100,174,133,24,2,True,True,25,1285,False
0,0,27,0,6400,89,0,16,4,True,True,45,162,False
0,0,30,0,0,0,0,0,4,True,True,45,0,False
19,0,25,1,15690,230,0,74,2,True,True,25,716,False
0,0,28,1,6580,108,254,27,2,False,True,25,1443,False
0,0,20,0,1183,31,13,62,4,True,True,45,62,False
0,0,20,0,0,0,4,0,4,True,False,45,10,False
0,0,12,0,1310,18,11,8,2,True,True,25,109,False
10,0,11,0,6008,133,68,36,1,False,True,15,711,False
6,0,9,0,8548,163,56,34,4,True,True,45,357,False
2,0,10,1,2468,37,14,13,3,True,True,30,156,False
10,0,42,0,4153,70,9,39,1,True,True,15,281,False
3,0,42,0,2348,62,10,37,1,True,True,15,187,False
4,0,42,0,2315,43,293,22,3,True,True,30,1266,False
25,0,42,3,15095,229,62,36,3,True,True,30,860,False
9,0,41,0,15440,186,158,34,2,True,True,25,1414,False
7,0,41,1,11420,158,19,51,4,True,True,45,336,False
25,0,35,3,16030,242,8,84,2,True,True,25,768,False
6,0,38,3,6920,120,279,37,2,False,True,25,1572,False
4,0,30,0,1523,43,38,72,4,True,True,45,134,False
0,0,30,0,780,14,29,7,4,True,False,45,92,False
12,0,19,0,8888,175,81,44,4,True,True,45,429,False
8,0,20,3,2808,49,39,23,3,True,True,30,270,False
2,0,13,1,4345,44,223,14,3,True,True,30,1067,False
3,0,13,1,1443,23,8,11,3,True,True,30,90,True
0,0,30,0,3633,50,0,27,1,True,True,15,202,False
0,0,30,0,1828,42,0,25,1,True,True,15,102,False
0,0,30,0,1795,23,263,10,3,True,True,30,1124,False
15,0,30,1,14575,209,32,24,2,True,True,25,809,False
0,0,29,0,14920,166,128,22,2,True,True,25,1254,False
0,0,25,0,6220,81,0,14,4,True,True,45,157,False
15,0,23,1,15510,222,0,72,2,True,True,25,707,False
0,0,26,1,6400,100,249,25,2,False,True,25,1413,False
0,0,18,0,1003,23,8,60,4,True,True,45,45,False
0,0,18,0,0,0,0,0,4,True,False,45,0,False
0,0,17,0,660,16,0,5,2,True,True,25,30,False
0,0,17,0,2660,45,0,15,3,True,True,30,108,False
0,0,10,0,1130,10,6,6,2,True,True,25,78,False
6,0,9,0,5828,125,63,34,1,False,True,15,673,False
2,0,7,0,8368,155,51,32,4,True,True,45,340,False
0,0,8,1,2288,29,9,11,3,True,True,30,128,False
7,0,39,0,4073,68,5,38,1,True,True,15,255,False
0,0,39,0,2268,60,6,36,1,True,True,15,161,False
1,0,39,0,2235,41,289,21,3,True,True,30,1247,False
22,0,39,2,15015,227,58,35,3,True,True,30,841,False
6,0,38,0,15360,184,154,33,2,True,True,25,1392,False
0,0,34,0,6660,99,18,25,4,True,True,45,213,False
22,0,32,2,15950,240,4,83,2,True,True,25,746,False
3,0,35,2,6840,118,275,36,2,False,True,25,1550,False
1,0,27,0,1443,41,34,71,4,True,True,45,122,False
0,0,27,0,700,12,25,6,4,True,False,45,80,False
13,0,18,0,6268,143,89,45,1,False,True,15,842,False
9,0,16,0,8808,173,77,43,4,True,True,45,417,False
5,0,17,2,2728,47,35,22,3,True,True,30,251,False
0,0,10,0,4265,42,219,13,3,True,True,30,1048,False
3,0,33,0,3713,52,0,28,1,True,True,15,207,False
0,0,33,0,1908,44,0,26,1,True,True,15,107,False
0,0,33,0,1875,25,267,11,3,True,True,30,1144,False
18,0,33,2,14655,211,36,25,3,True,True,30,738,False
2,0,32,0,15000,168,132,23,2,True,True,25,1276,False
0,0,28,0,6300,83,0,15,4,True,True,45,159,False
0,0,31,0,0,0,0,0,4,True,False,45,0,True
18,0,26,2,15590,224,0,73,2,True,True,25,711,False
0,0,29,2,6480,102,253,26,2,False,True,25,1434,False
0,0,21,0,1083,25,12,61,4,True,True,45,57,False
0,0,21,0,0,0,3,0,4,True,False,45,7,False
0,0,13,0,1210,12,10,7,2,True,True,25,99,False
9,0,12,0,5908,127,67,35,1,False,True,15,700,False
5,0,10,0,8448,157,55,33,4,True,True,45,352,False
1,0,11,2,2368,31,13,12,3,True,True,30,147,False
9,0,36,1,4493,70,15,48,1,True,True,15,333,False
2,0,36,1,2688,62,16,46,1,True,True,15,239,False
3,0,36,1,2655,43,299,31,3,True,True,30,1303,False
12,0,35,3,9410,125,158,56,3,True,True,30,1013,False
24,0,36,4,15435,229,68,45,3,False,True,30,898,False
8,0,35,1,15780,186,164,43,2,True,True,25,1456,False
2,0,31,2,7080,101,28,35,4,True,True,45,249,False
0,0,34,0,923,11,23,17,4,True,False,45,80,True
24,0,29,4,16370,242,14,93,2,True,True,25,810,False
5,0,32,4,7260,120,285,46,2,False,True,25,1614,False
3,0,24,1,1863,43,44,81,4,True,True,45,157,False
0,0,24,0,1120,14,35,16,4,True,False,45,115,False
1,0,16,1,1990,30,42,27,2,True,True,25,279,False
15,0,15,2,6688,145,99,55,1,False,True,15,920,False
11,0,13,1,9228,175,87,53,4,True,True,45,452,False
7,0,14,4,3148,49,45,32,3,True,True,30,307,False
1,0,7,2,4685,44,229,23,3,True,True,30,1105,False
1,0,36,0,3293,50,0,18,1,True,True,15,183,False
0,0,36,0,1488,42,0,16,1,True,True,15,84,False
0,0,36,0,1455,23,257,1,3,True,True,30,1087,False
16,0,36,0,14235,209,26,15,3,True,True,30,681,False
0,0,35,0,14580,166,122,13,2,True,True,25,1212,False
0,0,31,0,5880,81,0,5,4,True,True,45,149,False
0,0,34,0,0,0,0,0,4,True,True,45,0,False
16,0,29,0,15170,222,0,63,2,True,True,25,692,False
0,0,32,0,6060,100,243,16,2,False,True,25,1370,False
0,0,24,0,663,23,2,51,4,True,True,45,22,False
0,0,24,0,0,0,0,0,4,True,False,45,0,False
0,0,16,0,0,0,0,0,2,True,True,25,0,False
7,0,15,0,5488,125,57,25,1,False,True,15,622,False
3,0,13,0,8028,155,45,23,4,True,True,45,317,False
0,0,14,0,1948,29,3,2,3,True,True,30,91,False
0,0,7,0,3485,24,187,21,3,True,True,30,888,False
0,0,7,0,0,0,0,0,2,True,True,25,0,True
5,0,37,0,4008,66,26,37,1,True,True,15,367,False
0,0,37,0,2170,39,310,20,3,True,True,30,1328,False
20,0,37,3,14950,225,79,34,3,True,True,30,923,False
4,0,36,0,15295,182,175,32,2,True,True,25,1483,False
0,0,36,1,6310,86,211,28,3,True,True,30,1099,False
2,0,36,1,11275,154,36,49,4,True,True,45,375,False
0,0,35,0,1478,25,25,8,4,True,True,45,100,False
0,0,35,0,438,7,34,6,4,True,False,45,96,True
20,0,30,3,15885,238,25,82,2,True,True,25,838,False
1,0,33,3,6775,116,296,35,2,False,True,25,1642,False
0,0,26,1,1125,36,218,13,2,False,True,25,1033,False
0,0,25,0,1378,39,55,70,4,True,True,45,172,False
0,0,25,0,635,10,46,5,4,True,False,45,131,False
0,0,17,0,1505,26,53,16,2,True,True,25,307,False
11,0,16,1,6203,141,110,44,2,False,True,25,780,False
3,0,15,3,2663,45,56,21,3,True,True,30,332,False
0,0,8,1,4200,40,240,12,3,True,True,30,1129,False
5,0,34,0,2033,48,320,18,2,True,True,25,1533,False
5,0,35,0,3778,54,0,29,1,True,True,15,210,False
0,0,35,0,1973,46,0,27,1,True,True,15,111,False
0,0,35,0,1940,27,246,12,3,True,True,30,1062,False
20,0,35,1,14720,213,15,26,2,True,True,25,739,False
4,0,34,0,15065,170,111,24,2,True,True,25,1185,False
0,0,30,0,6365,85,0,16,4,True,True,45,161,False
0,0,33,0,0,0,0,0,4,True,True,45,0,False
20,0,28,1,15655,226,0,74,2,True,True,25,714,False
1,0,31,1,6545,104,232,27,2,False,True,25,1343,False
0,0,23,0,1148,27,0,62,4,True,True,45,29,False
0,0,23,0,0,0,0,0,4,True,False,45,0,False
5,0,22,0,805,20,0,7,1,True,True,15,45,False
0,0,15,0,1275,14,0,8,2,True,True,25,58,False
11,0,14,0,5973,129,46,36,1,False,True,15,588,False
7,0,12,0,8513,159,34,34,4,True,True,45,301,False
3,0,13,1,2433,33,0,13,3,True,True,30,98,False
0,0,6,0,3970,28,176,4,2,True,True,25,971,False
7,0,36,0,4083,61,3,36,1,True,True,15,244,False
0,0,36,0,2278,53,4,34,1,True,True,15,150,False
1,0,36,0,2245,34,287,19,3,True,True,30,1239,False
22,0,36,2,15025,220,56,33,3,True,True,30,833,False
6,0,35,0,15370,177,152,31,2,True,True,25,1383,False
0,0,31,0,6670,92,16,23,4,True,True,45,209,False
0,0,34,0,513,2,11,5,4,True,False,45,40,True
22,0,29,2,15960,233,2,81,2,True,True,25,737,False
3,0,32,2,6850,111,273,34,2,False,True,25,1541,False
1,0,24,0,1453,34,32,69,4,True,True,45,117,False
0,0,24,0,710,5,23,4,4,True,False,45,75,False
0,0,16,0,1580,21,30,15,2,True,True,25,207,False
13,0,15,0,6277,136,87,43,1,False,True,15,831,False
9,0,13,0,8817,166,75,41,4,True,True,45,412,False
5,0,14,2,2737,40,33,20,3,True,True,30,243,False
0,0,7,0,4275,35,217,11,3,True,True,30,1040,False
0,0,36,0,1898,51,0,28,1,True,True,15,107,False
0,0,36,0,1865,32,269,13,3,True,True,30,1151,False
18,0,36,2,14645,218,38,27,3,True,True,30,746,False
2,0,35,0,14990,175,134,25,2,True,True,25,1285,False
0,0,31,0,6290,90,0,17,4,True,True,45,159,False
0,0,34,0,0,0,0,0,4,True,False,45,0,True
18,0,29,2,15580,231,0,75,2,True,True,25,711,False
0,0,32,2,6470,109,255,28,2,False,True,25,1443,False
0,0,24,0,1073,32,14,63,4,True,True,45,62,False
0,0,24,0,0,0,5,0,4,True,False,45,12,False
0,0,16,0,1200,19,12,9,2,True,True,25,108,False
9,0,15,0,5897,134,69,37,1,False,True,15,711,False
5,0,13,0,8437,164,57,35,4,True,True,45,357,False
1,0,14,2,2357,38,15,14,3,True,True,30,155,False
0,0,7,0,3895,33,199,5,3,True,True,30,953,False
0,0,7,0,992,12,0,2,2,True,True,25,45,True
3,0,31,0,3893,54,0,32,1,True,True,15,217,False
0,0,31,0,2088,46,0,30,1,True,True,15,117,False
0,0,31,0,2055,27,270,15,3,True,True,30,1163,False
18,0,31,1,14835,213,39,29,2,True,True,25,852,False
2,0,30,0,15180,170,135,27,2,True,True,25,1298,False
0,0,26,0,6480,85,0,19,4,True,True,45,164,False
0,0,29,0,0,0,0,0,4,True,True,45,0,False
18,0,24,1,15770,226,0,77,2,True,True,25,719,False
0,0,27,1,6660,104,256,30,2,False,True,25,1456,False
0,0,19,0,1263,27,15,65,4,True,True,45,69,False
0,0,19,0,520,4,6,2,4,True,False,45,28,False
3,0,18,0,920,20,4,10,1,True,True,15,73,False
0,0,11,0,1390,14,13,11,2,True,True,25,121,False
9,0,10,0,6087,129,70,39,1,False,True,15,726,False
5,0,8,0,8627,159,58,37,4,True,True,45,364,False
1,0,9,1,2547,33,16,16,3,True,True,30,167,False
7,0,41,0,3893,66,2,34,1,True,True,15,228,False
1,0,41,0,2055,39,286,17,3,True,True,30,1227,False
22,0,41,3,14835,225,55,31,3,True,True,30,822,False
6,0,40,0,15180,182,151,29,2,True,True,25,1370,False
4,0,40,1,11160,154,12,46,4,True,True,45,312,False
0,0,39,0,1363,25,1,5,4,True,True,45,37,False
0,0,39,0,323,7,10,3,4,True,False,45,33,True
22,0,34,3,15770,238,1,79,2,True,True,25,724,False
3,0,37,3,6660,116,272,32,2,False,True,25,1528,False
1,0,29,0,1263,39,31,67,4,True,True,45,110,False
0,0,29,0,520,10,22,2,4,True,False,45,68,False
5,0,19,3,2547,45,32,18,3,True,True,30,231,False
0,0,12,1,4085,40,216,9,3,True,True,30,1029,False
0,0,12,1,1182,19,1,6,3,True,True,30,52,True
11,0,37,0,4603,71,2,33,1,True,True,15,268,False
4,0,37,0,2798,63,3,31,1,True,True,15,173,False
5,0,37,0,2765,44,286,16,3,True,True,30,1256,False
8,0,37,0,14178,174,1,42,3,True,True,30,578,False
10,0,36,0,15890,187,151,28,2,True,True,25,1402,False
4,0,32,1,7190,102,15,20,4,True,True,45,219,False
1,0,35,0,1033,12,10,2,4,True,False,45,51,True
26,0,30,3,16480,243,1,78,2,True,True,25,757,False
7,0,33,3,7370,121,272,31,2,False,True,25,1561,False
5,0,25,0,1973,44,31,66,4,True,True,45,127,False
1,0,25,0,1230,15,22,1,4,True,False,45,86,False
3,0,17,0,2100,31,29,12,2,True,True,25,226,False
17,0,16,1,6797,146,86,40,1,False,True,15,854,False
13,0,14,0,9337,176,74,38,4,True,True,45,422,False
9,0,15,3,3257,50,32,17,3,True,True,30,260,False
3,0,8,1,4795,45,216,8,3,True,True,30,1057,False
4,0,8,1,1892,24,1,5,3,True,True,30,80,True
0,0,34,0,1438,43,327,22,2,True,True,25,1538,False
0,0,35,0,3183,49,0,33,1,True,True,15,177,False
0,0,35,0,1378,41,0,31,1,True,True,15,78,False
0,0,35,0,1345,22,253,16,3,True,True,30,1066,False
14,0,35,1,14125,208,22,30,2,True,True,25,743,False
0,0,34,0,14470,165,118,28,2,True,True,25,1189,False
0,0,30,0,5770,80,0,20,4,True,True,45,146,False
0,0,33,0,0,0,0,0,4,True,True,45,0,False
14,0,28,1,15060,221,0,78,2,True,True,25,687,False
0,0,31,1,5950,99,239,31,2,False,True,25,1347,False
0,0,23,0,553,22,0,66,4,True,True,45,14,False
0,0,23,0,0,0,0,0,4,True,False,45,0,False
0,0,15,0,680,9,0,12,2,True,True,25,31,False
5,0,14,0,5377,124,53,40,1,False,True,15,594,False
1,0,12,0,7917,154,41,38,4,True,True,45,304,False
0,0,13,1,1837,28,0,17,3,True,True,30,74,False
0,0,6,0,3375,23,183,8,3,True,True,30,867,False
0,0,6,0,472,2,0,5,2,True,True,25,21,True
5,0,36,0,3893,60,0,33,1,True,True,15,217,False
0,0,36,0,2088,52,0,31,1,True,True,15,117,False
0,0,36,0,2055,33,278,16,3,True,True,30,1195,False
20,0,36,2,14835,219,47,30,3,True,True,30,790,False
4,0,35,0,15180,176,143,28,2,True,True,25,1334,False
0,0,31,0,6480,91,7,20,4,True,True,45,181,False
20,0,29,2,15770,232,0,78,2,True,True,25,720,False
1,0,32,2,6660,110,264,31,2,False,True,25,1492,False
0,0,24,0,1263,33,23,66,4,True,True,45,89,False
0,0,24,0,520,4,14,1,4,True,False,45,48,False
0,0,16,0,1390,20,21,12,2,True,True,25,157,False
11,0,15,0,6087,135,78,40,1,False,True,15,771,False
7,0,13,0,8627,165,66,38,4,True,True,45,384,False
3,0,14,2,2547,39,24,17,3,True,True,30,199,False
0,0,7,0,4085,34,208,8,3,True,True,30,996,False
0,0,7,0,1182,13,0,5,2,True,True,25,53,True
5,0,36,0,3893,60,0,33,1,True,True,15,217,False
0,0,36,0,2088,52,0,31,1,True,True,15,117,False
0,0,36,0,2055,33,278,16,3,True,True,30,1195,False
20,0,36,2,14835,219,47,30,3,True,True,30,790,False
4,0,35,0,15180,176,143,28,2,True,True,25,1334,False
0,0,31,0,6480,91,7,20,4,True,True,45,181,False
0,0,34,0,323,1,2,2,4,True,False,45,13,True
20,0,29,2,15770,232,0,78,2,True,True,25,720,False
1,0,32,2,6660,110,264,31,2,False,True,25,1492,False
0,0,24,0,1263,33,23,66,4,True,True,45,89,False
0,0,24,0,520,4,14,1,4,True,False,45,48,False
0,0,16,0,1390,20,21,12,2,True,True,25,157,False
11,0,15,0,6087,135,78,40,1,False,True,15,771,False
7,0,13,0,8627,165,66,38,4,True,True,45,384,False
3,0,14,2,2547,39,24,17,3,True,True,30,199,False
0,0,7,0,4085,34,208,8,3,True,True,30,996,False
0,0,7,0,1182,13,0,5,2,True,True,25,53,True
15,0,40,1,4503,72,8,37,1,True,True,15,295,False
9,0,40,1,2665,45,292,20,3,True,True,30,1276,False
18,0,39,3,9420,127,151,45,3,True,True,30,985,False
30,0,40,4,15445,231,61,34,3,False,True,30,871,False
14,0,39,1,15790,188,157,32,2,True,True,25,1425,False
12,0,39,2,11770,160,18,49,4,True,True,45,343,False
6,0,38,1,1973,31,7,8,4,True,True,45,67,False
5,0,38,0,933,13,16,6,4,True,False,45,63,True
30,0,33,4,16380,244,7,82,2,False,True,25,779,False
11,0,36,4,7270,122,278,35,3,False,True,30,1407,False
5,0,28,0,1130,16,28,5,4,True,False,45,98,False
13,0,18,4,3158,51,38,21,3,False,True,30,280,False
7,0,11,2,4695,46,222,12,3,True,True,30,1077,False
18,0,42,2,4563,75,13,39,1,True,True,15,326,False
19,0,42,3,4140,91,44,32,3,True,True,30,345,False
12,0,42,2,2725,48,297,22,4,True,True,45,811,False
21,0,41,4,9480,130,156,47,3,True,True,30,1008,False
15,0,42,2,14138,178,12,48,3,True,True,30,620,False
15,0,42,3,4880,92,14,29,4,True,True,45,159,False
17,0,42,2,2603,63,20,21,4,True,True,45,116,False
17,0,41,2,15850,191,162,34,2,True,True,25,1450,False
11,0,41,3,6865,95,198,30,3,True,True,30,1070,False
15,0,41,3,11830,163,23,51,4,True,True,45,357,False
16,0,41,3,7083,84,120,41,2,True,True,25,862,False
21,0,40,3,6183,107,38,28,3,True,True,30,403,False
17,0,40,2,2633,53,46,35,4,True,True,45,182,True
9,0,40,2,2033,34,12,10,4,True,True,45,81,False
11,0,39,2,2030,53,50,24,4,True,True,45,177,False
12,0,31,3,1680,45,205,15,3,False,True,30,889,False
8,0,30,2,1190,19,33,7,4,True,True,45,112,False
24,0,21,3,6758,150,97,46,2,False,True,25,747,False
10,0,13,3,4755,49,227,14,3,True,True,30,1100,False
12,0,38,1,4443,69,7,35,1,True,True,15,286,False
6,0,38,1,2605,42,287,18,3,True,True,30,1253,False
27,0,38,3,15385,228,56,32,3,True,True,30,848,False
11,0,37,1,15730,185,152,30,2,True,True,25,1400,False
9,0,37,1,11710,157,13,47,4,True,True,45,329,False
5,0,36,1,1913,28,7,6,4,True,True,45,66,False
5,0,36,0,873,10,11,4,4,True,False,45,49,True
27,0,31,3,16320,241,7,80,2,True,True,25,776,False
8,0,34,3,7210,119,273,33,2,False,True,25,1558,False
6,0,26,1,1813,42,32,68,4,True,True,45,126,False
5,0,26,0,1070,13,23,3,4,True,False,45,84,False
18,0,17,1,6638,144,87,42,2,False,True,25,696,False
10,0,16,3,3098,48,33,19,3,True,True,30,257,False
5,0,9,1,4635,43,217,10,3,True,True,30,1055,False
16,0,44,2,4583,74,18,41,1,True,True,15,355,False
17,0,44,3,4160,90,49,34,3,True,True,30,366,False
10,0,44,2,2745,47,302,24,4,True,True,45,824,False
19,0,43,4,9500,129,161,49,3,True,True,30,1029,False
13,0,44,2,14158,177,17,50,3,True,True,30,641,False
13,0,44,3,4900,91,19,31,3,True,True,30,275,False
15,0,43,2,15870,190,167,36,2,True,True,25,1474,False
9,0,43,3,6885,94,203,32,3,True,True,30,1091,False
13,0,43,3,11850,162,28,53,4,True,True,45,370,False
14,0,43,3,7103,83,125,43,2,True,True,25,885,False
19,0,42,3,6203,106,43,30,3,True,True,30,424,False
7,0,42,2,2053,33,17,12,4,True,True,45,94,False
10,0,33,3,1700,44,210,17,3,False,True,30,909,False
6,0,32,0,1210,18,38,9,4,True,False,45,125,False
22,0,23,3,6778,149,102,48,2,False,True,25,770,False
8,0,15,3,4775,48,232,16,3,True,True,30,1120,False
8,0,36,1,2585,43,282,16,3,True,True,30,1233,False
29,0,36,3,15365,229,51,30,3,True,True,30,827,False
13,0,35,1,15710,186,147,28,2,True,True,25,1376,False
11,0,35,1,11690,158,8,45,4,True,True,45,316,False
5,0,34,1,1893,29,7,4,4,True,True,45,65,False
5,0,34,0,305,6,7,2,4,True,False,45,25,True
29,0,29,3,16300,242,7,78,2,True,True,25,775,False
10,0,32,3,7190,120,268,31,3,False,True,30,1364,False
8,0,24,1,1793,43,27,66,4,True,True,45,113,False
5,0,24,0,305,6,18,2,4,True,False,45,52,False
6,0,16,1,1920,30,25,12,2,True,True,25,200,False
20,0,15,1,6618,145,82,40,2,False,True,25,673,False
12,0,14,3,3078,49,28,17,3,True,True,30,237,False
6,0,7,1,4615,44,212,8,3,True,True,30,1034,False
20,0,46,2,4763,82,23,43,1,True,True,15,392,False
21,0,46,3,4340,98,54,36,3,True,True,30,393,False
14,0,46,2,2925,55,307,26,4,True,True,45,842,False
23,0,45,4,9680,137,166,51,3,True,True,30,1056,False
17,0,46,2,14338,185,22,52,3,True,True,30,668,False
17,0,46,3,5080,99,24,33,4,True,True,45,189,False
19,0,46,0,2803,70,30,25,4,True,False,45,146,False
19,0,45,2,16050,198,172,38,2,True,True,25,1505,False
13,0,45,3,7065,102,208,34,4,True,True,45,699,False
17,0,45,3,12030,170,33,55,4,True,True,45,387,False
18,0,45,3,7283,91,130,45,2,True,True,25,916,False
23,0,44,3,6383,114,48,32,3,True,True,30,451,False
11,0,42,2,3405,38,22,22,4,True,True,45,141,False
11,0,44,2,2233,41,22,14,4,True,True,45,111,False
13,0,43,0,2230,60,60,28,4,True,False,45,207,False
14,0,35,3,1880,52,215,19,3,False,True,30,937,False
10,0,34,0,1390,26,43,11,4,True,False,45,142,False
12,0,33,2,3790,77,30,31,4,True,True,45,171,False
26,0,25,3,6958,157,107,50,2,False,True,25,801,False
12,0,17,3,4955,56,237,18,3,True,True,30,1148,False
13,0,17,3,2053,35,22,15,3,True,True,30,171,True
5,0,34,1,2438,54,7,29,1,True,True,15,175,False
5,0,34,1,2405,35,277,14,3,True,True,30,1205,False
25,0,34,3,15185,221,46,28,3,True,True,30,800,False
9,0,33,1,15530,178,142,26,2,True,True,25,1345,False
7,0,33,1,11510,150,7,43,4,True,True,45,309,False
5,0,32,0,305,6,7,2,4,True,False,45,25,True
25,0,27,3,16120,234,7,76,2,True,True,25,767,False
6,0,30,3,7010,112,263,29,2,False,True,25,1503,False
5,0,22,1,1613,35,22,64,4,True,True,45,96,False
5,0,22,0,305,6,13,2,4,True,False,45,40,False
5,0,14,1,1740,22,20,10,2,True,True,25,169,False
16,0,13,1,6438,137,77,38,2,False,True,25,642,False
12,0,11,1,8978,167,65,36,4,True,True,45,391,False
8,0,12,3,2898,41,23,15,3,True,True,30,209,False
17,0,43,1,4683,80,19,42,1,True,True,15,366,False
11,0,43,1,2845,53,303,25,3,True,True,30,1327,False
20,0,42,3,9600,135,162,50,3,True,True,30,1037,False
14,0,43,1,14258,183,18,51,3,True,True,30,649,False
32,0,43,4,15625,239,72,39,3,True,True,30,922,False
16,0,42,1,15970,196,168,37,2,True,True,25,1483,False
14,0,42,2,11950,168,29,54,4,True,True,45,375,False
30,0,38,0,1440,61,34,24,3,True,False,30,196,True
8,0,41,1,2153,39,18,13,4,True,True,45,99,False
7,0,41,0,1113,21,27,11,4,True,False,45,95,True
13,0,39,4,7450,130,289,40,3,False,True,30,1459,False
11,0,32,2,1800,50,211,18,3,False,True,30,918,False
7,0,31,0,1310,24,39,10,4,True,False,45,130,False
15,0,21,4,3338,59,49,26,3,True,True,30,331,False
9,0,14,2,4875,54,233,17,3,True,True,30,1129,False
10,0,14,2,1973,33,18,14,3,True,True,30,152,True
13,0,37,1,4323,64,7,32,1,True,True,15,279,False
7,0,37,1,2485,37,281,15,3,True,True,30,1224,False
16,0,36,3,9240,119,140,40,3,True,True,30,934,False
28,0,37,4,15265,223,50,29,3,False,True,30,819,False
12,0,36,1,15610,180,146,27,2,True,True,25,1367,False
10,0,36,2,11590,152,7,44,4,True,True,45,311,False
12,0,35,0,2393,42,30,28,4,True,False,45,135,True
5,0,35,1,1793,23,7,3,4,True,True,45,62,False
5,0,35,0,305,6,7,2,4,True,False,45,25,True
28,0,30,4,16200,236,7,77,2,False,True,25,771,False
9,0,33,4,7090,114,267,30,3,False,True,30,1356,False
5,0,25,0,305,6,17,2,4,True,False,45,50,False
5,0,17,1,1820,24,24,11,3,True,True,30,169,False
19,0,16,2,6518,139,81,39,2,False,True,25,664,False
11,0,15,4,2978,43,27,16,3,True,True,30,228,False
5,0,8,2,4515,38,211,7,3,True,True,30,1026,False
17,0,40,3,5275,87,33,34,3,True,True,30,346,False
19,0,40,3,5103,82,29,52,1,True,True,15,444,False
12,0,40,3,3298,74,30,50,2,True,True,25,286,False
20,0,40,4,4680,98,60,45,3,True,True,30,431,False
13,0,40,3,3265,55,313,35,4,True,True,45,865,False
16,0,40,3,14678,185,28,61,3,True,True,30,706,False
16,0,40,4,5420,99,30,42,3,True,True,30,340,False
15,0,40,3,6823,111,35,29,3,True,True,30,417,False
18,0,39,3,16390,198,178,47,2,True,True,25,1547,False
12,0,39,4,7405,102,214,43,3,True,True,30,1156,False
16,0,39,4,12370,170,39,64,4,True,True,45,411,False
17,0,39,4,7623,91,136,54,2,False,True,25,959,False
22,0,38,4,6723,114,54,41,3,True,True,30,489,False
10,0,36,3,3745,38,28,31,3,True,True,30,263,False
18,0,38,0,3173,60,62,48,4,True,False,45,235,True
10,0,38,3,2573,41,28,23,4,True,True,45,135,False
9,0,38,0,1533,23,37,21,4,True,False,45,131,True
11,0,38,3,4623,98,30,45,3,True,True,30,308,False
15,0,38,3,3685,69,203,40,2,True,True,25,1082,False
13,0,29,4,2220,52,221,28,3,False,True,30,974,False
9,0,28,0,1730,26,49,20,4,True,False,45,166,False
19,0,27,3,2130,48,47,30,2,True,True,25,309,False
11,0,27,3,4130,77,36,40,3,True,True,30,312,False
11,0,20,3,2600,42,56,31,3,True,True,30,329,False
25,0,19,4,7298,157,113,59,2,False,True,25,843,False
11,0,11,4,5295,56,243,27,3,False,True,30,1186,False
11,0,40,0,3903,62,7,22,1,True,True,15,256,False
5,0,40,0,2065,35,271,5,3,True,True,30,1168,False
26,0,40,2,14845,221,40,19,3,True,True,30,762,False
10,0,39,0,15190,178,136,17,2,True,True,25,1303,False
8,0,39,0,11170,150,7,34,4,True,True,45,300,False
5,0,38,1,1373,21,7,2,4,True,True,45,52,False
5,0,38,0,305,6,7,2,4,True,False,45,25,True
26,0,33,2,15780,234,7,67,2,True,True,25,752,False
7,0,36,2,6670,112,257,20,3,False,True,30,1299,False
5,0,28,0,1273,35,16,55,4,True,True,45,72,False
5,0,28,0,305,6,7,2,4,True,False,45,25,False
5,0,11,1,4095,36,201,25,3,True,True,30,969,False
15,0,41,2,4618,78,40,41,1,True,True,15,478,False
16,0,41,3,4195,94,71,34,3,True,True,30,455,False
9,0,41,2,2780,51,324,24,4,True,True,45,880,False
18,0,40,4,9535,133,183,49,3,True,True,30,1118,False
12,0,41,2,14193,181,39,50,3,True,True,30,730,False
12,0,41,3,4935,95,41,31,4,True,True,45,228,False
14,0,40,2,15905,194,189,36,3,True,True,30,1399,False
8,0,40,3,6920,98,225,32,4,True,True,45,737,False
12,0,40,3,11885,166,50,53,4,True,True,45,426,False
13,0,40,3,7138,87,147,43,3,True,True,30,877,False
18,0,39,3,6238,110,65,30,3,True,True,30,513,False
6,0,37,2,3260,34,39,20,4,True,True,45,179,False
6,0,39,2,2088,37,39,12,4,True,True,45,150,False
5,0,39,0,1048,19,48,10,4,True,False,45,146,True
8,0,38,0,2085,56,77,26,4,True,False,45,246,False
11,0,39,2,3200,65,214,29,3,True,True,30,986,False
9,0,30,3,1735,48,232,17,3,False,True,30,999,False
5,0,29,0,1245,22,60,9,4,True,False,45,181,False
7,0,28,2,3645,73,47,29,4,True,True,45,210,False
21,0,20,3,6813,153,124,48,2,False,True,25,871,False
7,0,12,3,4810,52,254,16,3,True,True,30,1210,False
15,0,39,0,4388,66,7,33,1,True,True,15,283,False
8,0,39,0,2583,58,7,31,1,True,True,15,183,False
9,0,39,0,2550,39,260,16,3,True,True,30,1143,False
30,0,39,3,15330,225,29,30,3,True,True,30,738,False
14,0,38,0,15675,182,125,28,2,True,True,25,1276,False
8,0,34,1,6975,97,7,20,4,True,True,45,194,False
5,0,37,0,818,7,7,2,4,True,False,45,38,True
30,0,32,3,16265,238,7,78,2,True,True,25,774,False
11,0,35,3,7155,116,246,31,2,False,True,25,1434,False
9,0,27,0,1758,39,7,66,4,True,True,45,62,False
5,0,27,0,1015,10,7,2,4,True,False,45,43,False
21,0,18,1,6583,141,60,40,1,False,True,15,699,False
17,0,16,0,9123,171,48,38,4,True,True,45,352,False
13,0,17,3,3043,45,7,17,3,True,True,30,151,False
7,0,10,1,4580,40,190,8,3,True,True,30,944,False
8,0,10,1,1678,19,7,5,3,True,True,30,95,True
17,0,40,1,4693,73,17,40,1,True,True,15,355,False
11,0,40,1,2855,46,301,23,3,True,True,30,1320,False
20,0,39,3,9610,128,160,48,3,True,True,30,1029,False
14,0,40,1,14268,176,16,49,3,True,True,30,641,False
16,0,39,1,15980,189,166,35,2,True,True,25,1474,False
14,0,39,2,11960,161,27,52,4,True,True,45,370,False
8,0,38,1,2163,32,16,11,4,True,True,45,94,False
7,0,38,0,1123,14,25,9,4,True,False,45,90,True
32,0,33,4,16570,245,16,85,2,False,True,25,828,False
13,0,36,4,7460,123,287,38,3,False,True,30,1451,False
11,0,29,2,1810,43,209,16,3,False,True,30,910,False
7,0,28,0,1320,17,37,8,4,True,False,45,125,False
15,0,18,4,3347,52,47,24,3,True,True,30,323,False
9,0,11,2,4885,47,231,15,3,True,True,30,1121,False
13,0,40,1,4313,71,0,34,1,True,True,15,241,False
7,0,40,1,2475,44,283,17,3,True,True,30,1232,False
16,0,39,3,9230,126,142,42,3,True,True,30,942,False
28,0,40,4,15255,230,52,31,3,True,True,30,827,False
12,0,39,1,15600,187,148,29,2,True,True,25,1376,False
10,0,39,2,11580,159,9,46,4,True,True,45,315,False
12,0,38,0,2383,49,32,30,4,True,False,45,140,True
4,0,38,1,1783,30,0,5,4,True,True,45,45,False
3,0,38,0,743,12,7,3,4,True,False,45,36,True
28,0,33,4,16190,243,0,79,2,False,True,25,739,False
9,0,36,4,7080,121,269,32,3,False,True,30,1364,False
3,0,28,0,940,15,19,2,4,True,False,45,71,False
11,0,18,4,2967,50,29,18,3,True,True,30,236,False
5,0,11,2,4505,45,213,9,3,True,True,30,1034,False
13,0,35,0,4503,66,0,36,1,True,True,15,251,False
6,0,35,0,2698,58,1,34,1,True,True,15,157,False
7,0,35,0,2665,39,284,19,3,True,True,30,1244,False
28,0,35,3,15445,225,53,33,3,True,True,30,838,False
12,0,34,0,15790,182,149,31,2,True,True,25,1389,False
6,0,30,1,7090,97,13,23,4,True,True,45,212,False
3,0,33,0,933,7,8,5,4,True,False,45,43,True
28,0,28,3,16380,238,0,81,2,True,True,25,747,False
9,0,31,3,7270,116,270,34,2,False,True,25,1547,False
7,0,23,0,1873,39,29,69,4,True,True,45,120,False
3,0,23,0,1130,10,20,4,4,True,False,45,78,False
5,0,15,0,2000,26,27,15,2,True,True,25,212,False
19,0,14,1,6697,141,84,43,1,False,True,15,838,False
15,0,12,0,9237,171,72,41,4,True,True,45,415,False
11,0,13,3,3157,45,30,20,3,True,True,30,248,False
5,0,6,1,4695,40,214,11,3,True,True,30,1045,False
6,0,6,1,1792,19,0,8,3,True,True,30,72,True
17,0,45,2,4503,78,16,38,1,True,True,15,339,False
18,0,45,3,4080,94,47,31,3,True,True,30,354,False
11,0,45,2,2665,51,300,21,4,True,True,45,817,False
20,0,44,4,9420,133,159,46,3,True,True,30,1018,False
14,0,45,3,4820,95,17,28,4,True,True,45,165,False
16,0,45,0,2543,66,23,20,4,True,False,45,122,False
16,0,44,2,15790,194,165,33,3,True,True,30,1299,False
10,0,44,3,6805,98,201,29,4,True,True,45,675,False
14,0,44,3,11770,166,26,50,4,True,True,45,363,False
15,0,44,3,7023,87,123,40,3,True,True,30,776,False
20,0,43,3,6123,110,41,27,3,True,True,30,413,False
8,0,41,2,3145,34,15,17,4,True,True,45,116,False
8,0,43,2,1973,37,15,9,4,True,True,45,87,False
7,0,43,0,933,19,24,7,4,True,False,45,83,True
10,0,42,0,1970,56,53,23,4,True,False,45,183,False
11,0,34,3,1620,48,208,14,3,False,True,30,898,False
7,0,33,0,1130,22,36,6,4,True,False,45,118,False
9,0,32,2,3530,73,23,26,4,True,True,45,147,False
23,0,24,3,6697,153,100,45,2,False,True,25,758,False
9,0,16,3,4695,52,230,13,3,True,True,30,1109,False
10,0,16,3,1792,31,15,10,3,True,True,30,132,True
21,0,41,2,5213,83,16,37,1,True,True,15,379,False
22,0,41,3,4790,99,47,30,3,True,True,30,383,False
15,0,41,2,3375,56,300,20,4,True,True,45,835,False
24,0,40,4,10130,138,159,45,3,True,True,30,1046,False
18,0,41,2,14788,186,15,46,3,True,True,30,658,False
18,0,41,3,5530,100,17,27,4,True,True,45,183,False
20,0,41,0,3253,71,23,19,4,True,False,45,140,False
20,0,40,2,16500,199,165,32,2,True,True,25,1493,False
14,0,40,3,7515,103,201,28,3,True,True,30,1108,False
18,0,40,3,12480,171,26,49,4,True,True,45,381,False
19,0,40,3,7733,92,123,39,2,True,True,25,905,False
24,0,39,3,6833,115,41,26,3,True,True,30,441,False
12,0,39,2,2683,42,15,8,4,True,True,45,105,False
11,0,39,0,1643,24,24,6,4,True,False,45,101,True
14,0,38,0,2680,61,53,22,4,True,False,45,201,False
15,0,30,3,2330,53,208,13,3,False,True,30,927,False
11,0,29,0,1840,27,36,5,4,True,False,45,136,False
27,0,20,3,7407,158,100,44,2,False,True,25,790,False
13,0,12,3,5405,57,230,12,3,True,True,30,1138,False
9,0,39,0,3793,61,0,37,1,True,True,15,211,False
3,0,39,0,1955,34,267,20,3,True,True,30,1147,False
24,0,39,3,14735,220,36,34,3,True,True,30,742,False
8,0,38,0,15080,177,132,32,2,True,True,25,1280,False
6,0,38,1,11060,149,0,49,4,True,True,45,280,False
0,0,37,0,1263,20,0,8,4,True,True,45,32,False
0,0,37,0,223,2,0,6,4,True,False,45,5,True
5,0,35,3,6560,111,253,35,2,False,True,25,1438,False
3,0,27,0,1163,34,12,70,4,True,True,45,59,False
0,0,27,0,420,5,3,5,4,True,False,45,18,False
7,0,17,3,2447,40,13,21,3,True,True,30,151,False
1,0,10,1,3985,35,197,12,3,True,True,30,948,False
15,0,40,1,4503,72,8,37,1,True,True,15,295,False
9,0,40,1,2665,45,292,20,3,True,True,30,1276,False
18,0,39,3,9420,127,151,45,3,True,True,30,985,False
30,0,40,4,15445,231,61,34,3,True,True,30,871,False
14,0,39,1,15790,188,157,32,2,True,True,25,1425,False
12,0,39,2,11770,160,18,49,4,True,True,45,343,False
14,0,38,0,2573,50,41,33,4,True,False,45,168,True
6,0,38,1,1973,31,7,8,4,True,True,45,67,False
5,0,38,0,933,13,16,6,4,True,False,45,63,True
30,0,33,4,16380,244,7,82,2,False,True,25,779,False
11,0,36,4,7270,122,278,35,3,False,True,30,1407,False
5,0,28,0,1130,16,28,5,4,True,False,45,98,False
13,0,18,4,3157,51,38,21,3,True,True,30,280,False
7,0,11,2,4695,46,222,12,3,True,True,30,1077,False
15,0,40,1,4503,72,8,37,1,True,True,15,295,False
9,0,40,1,2665,45,292,20,3,True,True,30,1276,False
18,0,39,3,9420,127,151,45,3,True,True,30,985,False
30,0,40,4,15445,231,61,34,3,False,True,30,871,False
14,0,39,1,15790,188,157,32,2,True,True,25,1425,False
12,0,39,2,11770,160,18,49,4,True,True,45,343,False
6,0,38,1,1973,31,7,8,4,True,True,45,67,False
30,0,33,4,16380,244,7,82,2,False,True,25,779,False
11,0,36,4,7270,122,278,35,3,False,True,30,1407,False
5,0,28,0,1130,16,28,5,4,True,False,45,98,False
13,0,18,4,3157,51,38,21,3,True,True,30,280,False
7,0,11,2,4695,46,222,12,3,True,True,30,1077,False
